timestamp,event_type,filename,details
2026-01-16 06:06:40,CREATED,config.yaml,"Type: regular file, Size: 0"
2026-01-16 06:06:40,CREATED,data_loader.py,"Type: regular file, Size: 0"
2026-01-16 06:06:40,MODIFIED,main.py,Content/Time updated
2026-01-16 06:06:40,MODIFIED,README.md,Content/Time updated
2026-01-16 06:06:43,MODIFIED,main.py,Size: 76->10
2026-01-16 06:06:49,MODIFIED,main.py,Size: 10->78
2026-01-16 06:06:52,MODIFIED,main.py,Size: 78->609
2026-01-16 06:06:55,MODIFIED,config.yaml,Size: 0->12
2026-01-16 06:07:01,MODIFIED,config.yaml,Size: 12->13
2026-01-16 06:07:04,MODIFIED,config.yaml,Size: 13->26
2026-01-16 06:07:07,CREATED,cache.tmp,"Type: regular file, Size: 0"
2026-01-16 06:07:07,CREATED,error.log,"Type: regular file, Size: 0"
2026-01-16 06:07:07,CREATED,app.log,"Type: regular file, Size: 0"
2026-01-16 06:07:13,MODIFIED,error.log,Size: 0->17
2026-01-16 06:07:16,MODIFIED,config.yaml,Permissions changed
2026-01-16 06:07:19,DELETED,cache.tmp,File removed
2026-01-16 06:07:19,DELETED,error.log,File removed
2026-01-16 06:07:19,DELETED,app.log,File removed
